covariate,coef,exp(coef),se(coef),coef lower 95%,coef upper 95%,exp(coef) lower 95%,exp(coef) upper 95%,cmp to,z,p,-log2(p)
group,-0.8439378158775244,0.43001386962298904,0.35320306229876586,-1.5362030972123626,-0.15167253454268625,0.21519663289569943,0.859269615792545,0.0,-2.3893841983840387,0.01687664331448967,5.888828202500966
